SNP	CHR	BP	P
rs613872	18	53210302	4.035902953889959e-16
rs596668	18	53264343	9.848731714213548e-16
rs618869	18	53248151	1.1925491005551354e-15
rs629376	18	53331267	8.285954862031671e-15
rs652714	18	53321026	8.444869535498385e-15
rs611775	18	53337939	9.316956029911874e-15
rs10123378	9	96375217	1.2076587906354748e-12
rs10821203	9	96447466	1.3862437267807172e-12
rs4568663	9	96372325	1.4670953360509777e-12
rs10117225	9	96367345	1.5552891688264529e-12
rs10992797	9	96362115	1.6123401368816993e-12
rs1412048	9	96362967	2.05301754236096e-12
rs10761240	9	96361922	2.184965367068424e-12
rs4404733	5	152251897	2.768809586882773e-12
rs3924314	5	152302912	6.757634592555432e-12
rs9285647	5	152279502	7.081156551789774e-12
rs4533947	5	152260682	8.465375831661935e-12
rs4304124	5	152260774	1.1339858545442932e-11
rs11167603	5	152282386	1.5582614532367774e-11
rs773020	9	77768122	1.6590320266507267e-10
rs10821141	9	96258838	2.2633104874860718e-10
rs10821147	9	96271367	2.281280942541084e-10
rs2297376	9	96259582	2.303663827179092e-10
rs10821148	9	96283304	2.3693683575162663e-10
rs10992768	9	96276135	2.3693683575162663e-10
rs1412050	9	96270756	2.4299417072808936e-10
rs2183760	9	96279334	2.444579311717825e-10
rs10992759	9	96257626	2.5388823228488157e-10
rs1556416	9	96256583	2.5388823228488157e-10
rs4744249	9	96256847	2.54456195025131e-10
rs4744247	9	96256487	2.5650786667202885e-10
rs72799186	5	152182121	2.612838608671995e-10
rs3813388	9	96300597	2.8576977634477737e-10
rs10761233	9	96292166	2.958398467662136e-10
rs10992780	9	96304767	2.9755902233585065e-10
rs4744250	9	96271752	3.4830895204450803e-10
rs635538	18	53273614	3.8996647947383055e-10
rs6548788	3	82005088	4.04496749557837e-10
rs4465966	3	82009703	4.5067010307485035e-10
rs6548786	3	81997510	4.664561774960264e-10
rs7620422	3	81999023	4.767810082649999e-10
rs17565365	5	152056234	5.992437852486834e-10
rs4465962	3	82005704	6.550706691921776e-10
rs17565505	5	152064433	7.447007415819174e-10
rs11956651	5	152011814	8.078739981507654e-10
rs584564	18	53227648	8.091826743374934e-10
rs9309883	3	82014428	8.287241732612783e-10
rs10515676	5	152013887	9.054713351324267e-10
rs4398624	5	152018343	9.356375656446524e-10
rs9309882	3	81984281	1.0127071752850903e-09
rs4478368	5	152291650	1.0473044897968298e-09
rs1035400	5	151709900	1.1125411511225223e-09
rs17565727	5	152081338	1.1377815884235344e-09
rs6012555	20	47527742	1.1383216620478755e-09
rs17113771	5	152278020	1.1444713567881707e-09
rs4958529	5	151727891	1.1458561763879975e-09
rs6066909	20	47529913	1.2832667411178891e-09
rs2348647	5	151714361	1.3838864187939722e-09
rs4958573	5	152091739	1.3995703674141242e-09
rs12379660	9	96182487	1.428889224113513e-09
rs10046082	5	151961446	1.4480232618935947e-09
rs1538482	20	47705496	1.4494791049542121e-09
rs12659802	5	152274478	1.460803600432066e-09
rs4360032	5	151963064	1.498625334582802e-09
rs4810896	20	47535298	1.545182464263475e-09
rs17566118	5	152088546	1.5587262896106987e-09
rs4743922	9	96234692	1.5705708183905198e-09
rs10992749	9	96232874	1.6298332912440636e-09
rs4463219	5	152288557	1.642397595913438e-09
rs10761229	9	96237376	1.6525945585172854e-09
rs6122779	20	47893014	1.7028511830388023e-09
rs1031831	18	53347258	1.7466559465127225e-09
rs17113138	5	151731277	1.7764839575502402e-09
rs11791374	9	96245287	1.7783808724380714e-09
rs4262150	5	152288453	1.7852583478876016e-09
rs10821128	9	96209943	1.8268787291105587e-09
rs6067037	20	47913578	1.8318039171683959e-09
rs6063378	20	47866411	1.8959305244437552e-09
rs4310018	5	152286204	1.983439394268912e-09
rs6067034	20	47900164	1.9914871632160032e-09
rs1010254	5	151734109	2.0038508033153412e-09
rs4287000	9	96451784	2.208879380983397e-09
rs17489682	5	152312444	2.4033931324588357e-09
rs17454420	5	152014941	2.423712259152116e-09
rs1569750	20	47603241	2.56324761593033e-09
rs4285285	5	152289810	2.7092505803831195e-09
rs10515678	5	152323236	2.7433267635247836e-09
rs6019603	20	47653406	2.765355183409455e-09
rs6019602	20	47651492	2.8038466665633903e-09
rs6019601	20	47647662	2.835181220076928e-09
rs1055710	9	96214928	2.8487342621268583e-09
rs7270848	20	47639737	2.859650625080423e-09
rs2075676	20	47691211	2.882680399654956e-09
rs6019621	20	47679963	2.9196165447487142e-09
rs6579959	5	152107383	3.0395963154759923e-09
rs4958560	5	151929836	3.2225979292712143e-09
rs6125539	20	47703810	3.2413950278474333e-09
rs4810898	20	47554392	3.3754343166954044e-09
rs6066975	20	47750377	3.409646070971472e-09
rs784232	18	53427481	3.470550114707865e-09
rs9947593	18	53448395	3.709752242067429e-09
rs2961766	5	151931892	3.767653288047448e-09
rs72799148	5	152107108	4.052546121904018e-09
rs1997854	20	47602339	4.164633587697627e-09
rs4958561	5	151930231	4.185053399587712e-09
rs2273653	20	47770756	4.3837292131487574e-09
rs10871582	18	53276589	4.401382158729441e-09
rs6012564	20	47541600	4.408086762383861e-09
rs7272164	20	47766197	4.474096700530321e-09
rs6066978	20	47755742	4.5185563015167935e-09
rs2075678	20	47701339	4.551150933496853e-09
rs784235	18	53423144	4.57256488860807e-09
rs1983639	20	47572282	4.611528480757447e-09
rs1130146	20	47859217	4.650441908296137e-09
rs3091529	20	47647068	4.810135114718453e-09
rs2961765	5	151931175	4.8753606135555825e-09
rs13036715	20	47817815	4.952912110155322e-09
rs6095396	20	47627170	4.9540539401975324e-09
rs2961760	5	151939905	4.9908624562663214e-09
rs6019582	20	47627605	5.0127853278783195e-09
rs3092039	20	47678770	5.134603511636252e-09
rs6122763	20	47797653	5.2151713455665525e-09
rs3818224	20	47628170	5.4708076585678794e-09
rs6019545	20	47557014	5.837294432482877e-09
rs6066968	20	47727341	5.931803985458171e-09
rs1983528	20	47686290	6.139093381822013e-09
rs10485609	20	47665612	6.2862138292663345e-09
rs6019581	20	47627572	6.505234929063128e-09
rs1556876	20	47716451	6.5309003030524184e-09
rs7266044	20	47890656	6.869887804969881e-09
rs590076	18	53260732	6.964528247011222e-09
rs2075679	20	47701589	7.089571454923271e-09
rs11229292	11	57984777	7.931000157385011e-09
rs1966836	11	57982229	7.972406651890501e-09
rs2126787	18	53462608	8.572128263996089e-09
rs9483170	6	131035958	8.692585472395515e-09
rs1032614	6	131034807	9.009485952526233e-09
rs6548780	3	81975649	9.555170123926996e-09
rs2030708	3	81967436	1.0772697528756024e-08
rs6095391	20	47618835	1.0925819616115636e-08
rs6933145	6	131080130	1.6655557489353418e-08
rs11867618	17	65875587	1.7851939016323093e-08
rs6727114	2	212752193	1.8252161129710336e-08
rs4897465	6	131088137	1.9036112358210182e-08
rs1497883	6	131047443	1.9219053288493663e-08
rs41396445	18	53242137	2.16112030252262e-08
rs10838757	11	47763016	2.2255823494072744e-08
rs11604305	11	57969053	2.259746695334116e-08
rs17548854	5	151901555	2.4216535370640245e-08
rs4381968	3	82020398	2.6593555562167562e-08
rs12419692	11	47624714	2.6998313684753404e-08
rs1035401	5	151709678	2.7927307879664552e-08
rs7947730	11	47786184	2.8748082652797142e-08
rs10838738	11	47663049	2.8842552609689523e-08
rs1363418	5	151699834	2.9243449674047263e-08
rs17543421	5	151701350	3.016579130953888e-08
rs11039426	11	47863119	3.0393303821427466e-08
rs17788930	11	47752775	3.086561338901832e-08
rs67777906	20	47557129	3.320080426315632e-08
rs4752797	11	47874364	3.3227680967438736e-08
rs6012562	20	47535261	3.3524803403873076e-08
rs10838748	11	47716381	3.379809403881779e-08
rs34958982	11	47547046	3.6319566251401726e-08
rs17447016	5	151737559	3.666558979593264e-08
rs2290850	11	47807774	3.7929048114993183e-08
rs8075604	17	66063101	3.979723764254478e-08
rs2122801	11	57934480	3.9812448749291145e-08
rs11870068	17	65944515	4.208942309465773e-08
rs991637	5	151748808	4.588588654531201e-08
