SNP	CHR	BP	P
rs2290850	11	47807774	8.214046117482765e-09
rs10838757	11	47763016	8.312261175130453e-09
rs7947730	11	47786184	9.845347930482841e-09
rs10838748	11	47716381	1.1275396844875394e-08
rs11039426	11	47863119	1.2637683989620896e-08
rs4752797	11	47874364	1.2833081326235017e-08
rs12419692	11	47624714	1.3143621113116788e-08
rs10838738	11	47663049	1.3613688835005776e-08
rs34958982	11	47547046	1.4408922540481152e-08
rs17788930	11	47752775	1.5982499286575142e-08
